{
  "assetsByChunkName": {
    "vendors~app-account~app-confirmation~app-order": "chunk.20d95efdc0a7d4b86713.js",
    "vendors~app-account~app-checkout": "chunk.e9f2c03933b91ea9aeac.js",
    "vendors~app-cart~app-checkout": "chunk.5ab925b6dd3aa6d63073.js",
    "admin": [
      "admin.2ec574fddc1d5a5b5168.js",
      "admin.2ec574fddc1d5a5b5168.js.map"
    ],
    "app-account": "chunk.7e46ac19273662dd4a0e.js",
    "app-confirmation": "chunk.3e86f1cbc709b5c5edd5.js",
    "app-order": "chunk.24acc40838e61f22bc96.js",
    "checkout": [
      "checkout.02ab42d9a09d6146c26a.js",
      "checkout.02ab42d9a09d6146c26a.js.map"
    ],
    "storefront": [
      "storefront.4f7bbfa247c1f3160536.css",
      "storefront.6133e9ba0150da292379.js",
      "storefront.4f7bbfa247c1f3160536.css.map",
      "storefront.6133e9ba0150da292379.js.map"
    ],
    "vendors~app-cart": "chunk.69d6705e51b1e14c8376.js",
    "vendors~app-checkout": "chunk.c2d60a1f7b01d927f488.js"
  }
}