{
  "list": [
    {
      "item": {
        "text": " COMPRA 100% SEGURA",
        "image": "/img/uploads/656498bf7d4e88e755d0294b78b6936b.png"
      }
    },
    {
      "item": {
        "text": " FRETE FIXO R$ 9,90",
        "image": "/img/uploads/0b8f5acf237af795d64d1a4d393839a7.png"
      }
    },
    {
      "item": {
        "text": "ENTREGA VIA CORREIOS",
        "image": "/img/uploads/78f408801755b62bbdb426306006079c.png"
      }
    },
    {
      "item": {
        "text": "TROCA GRÁTIS",
        "image": "/img/uploads/65c8d7dd1ffa76f35d43dadf0b84a5e4.png"
      }
    },
    {
      "item": {
        "text": "FRETE GRÁTIS ACIMA DE R$ 299,90",
        "image": "/img/uploads/0b8f5acf237af795d64d1a4d393839a7.png"
      }
    }
  ],
  "stripe_color": "#393939",
  "text_color": "#ffffff"
}