{
  "fullbanner_d": "/img/uploads/bannerinfo3.png",
  "bt_m": "/img/uploads/especialcamisetas_1200x375px.png",
  "text2": "#USEDEBONAIR",
  "text3": "#ESPECIAL DEBONAIR",
  "bt_link": "/search?term=camiseta",
  "fullbanner_m": "/img/uploads/especialtenis_1200x375px.png",
  "bt_title": "ESPECIAL CAMISETAS",
  "text": "/",
  "list2": [
    {
      "text": "/search?term=calça+wowo",
      "image": "/img/uploads/banner01_278x356px.png"
    },
    {
      "text": "/search?term=relógio",
      "image": "/img/uploads/banner02_380x158px.png"
    },
    {
      "text": "/search?term=regata",
      "image": "/img/uploads/banner01_380x158px.png"
    },
    {
      "text": "/search?term=2in1",
      "image": "/img/uploads/banner01_175x158px.png"
    },
    {
      "text": "/tenis",
      "image": "/img/uploads/banner02_175x158px.png"
    },
    {
      "text": "/search?term=2collors",
      "image": "/img/uploads/calca01_380x418px.png"
    }
  ],
  "list3": [
    {
      "text": "/calcas",
      "image": "/img/uploads/calca01_380x418px.png"
    },
    {
      "text": "search?term=boné",
      "image": "/img/uploads/bone_380x190px.png"
    },
    {
      "text": "/bermudas",
      "image": "/img/uploads/bermuda01t_380x190px.png"
    },
    {
      "text": "/calcas",
      "image": "/img/uploads/banner01_278x356px.png"
    },
    {
      "text": "#",
      "image": "/img/uploads/outlet_1200x125px.png"
    }
  ],
  "bt_d": "/img/uploads/especialcamisetas_1200x375px.png",
  "fb_link": "#",
  "list": [
    {
      "image": "/img/uploads/calcas_380x380px.png",
      "text": "/calcas"
    },
    {
      "image": "/img/uploads/bermudas_448x189px.png",
      "text": "/bermudas"
    },
    {
      "image": "/img/uploads/tenis_448x152px.png",
      "text": "/tenis"
    },
    {
      "image": "/img/uploads/smart_380x190px.png",
      "text": "/search?term=smartwatch"
    },
    {
      "image": "/img/uploads/oculos_312x191px.png",
      "text": "/search?term=oculos"
    },
    {
      "image": "/img/uploads/01usecalca_380x127px.png",
      "text": "/calcas"
    },
    {
      "image": "/img/uploads/03usedebonair_380x127px.png",
      "text": "/calcas"
    },
    {
      "image": "/img/uploads/02usebermuda_380x127px.png",
      "text": "/bermudas"
    }
  ]
}