{
  "description": {
    "title": "",
    "text": ""
  },
  "links_1": {
    "list_pages": false,
    "title": "Institucional",
    "list": [
      {
        "text": "Quem somos",
        "url": "/pages/quem-somos"
      },
      {
        "text": "Política de compra",
        "url": "/pages/politica-de-compra"
      },
      {
        "text": "Depoimentos",
        "url": "/pages/depoimentos"
      }
    ]
  },
  "links_2": {
    "list_categories": false,
    "title": "Ajuda & Suporte",
    "list": [
      {
        "text": "Como comprar",
        "url": "/pages/como-comprar"
      },
      {
        "text": "Contato",
        "url": "/pages/contato"
      }
    ]
  },
  "contacts": {
    "title": "Contatos",
    "phone_wpp": false,
    "socials": false,
    "email": false,
    "address": true
  },
  "stamps": [
    {
      "src": "/img/uploads/ico_ssl.png"
    }
  ],
  "payment_methods": {
    "bb": false,
    "visa": true,
    "boleto": true,
    "aura": false,
    "banrisul": false,
    "elo": true,
    "hipercard": false,
    "hsbc": false,
    "bradesco": false,
    "santander": false,
    "mastercard": true,
    "citibank": false,
    "diners": true,
    "mais": false,
    "amex": true,
    "itau": false
  },
  "credits": "© 2021 Debonair. Todos os direitos reservados."
}