{
  "marketing_stripe": {
    "text": "",
    "link": ""
  },
  "contacts_stripe": {
    "pages": [
      {
        "title": "Atendimento",
        "link": "/pages/contato"
      },
      {
        "title": "Ajuda",
        "link": "/pages/como-comprar"
      }
    ],
    "phone_wpp": false,
    "socials": true
  },
  "categories_list": {
    "featured": [
      "/outlet?Outlet",
      "/tenis?Tênis",
      "/calcas?Calças",
      "/bermudas?Bermudas",
      "/relogios?Relógios",
      "/jaquetas?Jaquetas",
      "/camisas?Camisas",
      "/sungas?Sungas",
      "/acessorios?Acessórios"
    ],
    "random": 0,
    "full_width": true
  },
  "search_input": true
}